nome,datanasc,id,pais,email
Baby Goodwin,Fri Aug 12 1983 01:23:05 GMT-0300 (Horário Padrão de Brasília),0,South Georgia and the South Sandwich Islands,Krystina@anita.tv
Mrs. Holly Haag,Sun Aug 11 1996 22:00:20 GMT-0300 (Horário Padrão de Brasília),1,Central African Republic,Celia@dominique.co.uk
Michel Beier,Wed Aug 25 1982 03:35:26 GMT-0300 (Horário Padrão de Brasília),2,Kiribati,Richmond@willa.biz
Abdiel Vandervort,Mon Jul 23 2012 06:08:48 GMT-0300 (Horário Padrão de Brasília),3,Tanzania,Maymie_Connelly@lamont.info
Orlo Sanford,Wed Feb 10 1982 04:23:49 GMT-0300 (Horário Padrão de Brasília),4,Luxembourg,Kian@geo.tv
Korbin Bosco Jr.,Fri Oct 16 2020 23:41:52 GMT-0300 (Horário Padrão de Brasília),5,Kuwait,Randal_Roberts@lawrence.com
Evans Moen,Wed Aug 13 2008 18:07:01 GMT-0300 (Horário Padrão de Brasília),6,Estonia,Domingo@shanelle.net
Jaeden Brekke,Thu Dec 31 1987 20:26:38 GMT-0200 (Horário de Verão de Brasília),7,U.S. Virgin Islands,Nicola@reba.biz
Kathleen Bashirian,Mon Mar 13 1989 02:17:57 GMT-0300 (Horário Padrão de Brasília),8,Kiribati,Nils@jenifer.tv
Meaghan Fritsch,Sat Mar 29 1997 01:36:01 GMT-0300 (Horário Padrão de Brasília),9,French Southern Territories,Lexi_Ward@kody.biz
Wilber Gerlach,Mon Feb 25 2008 04:21:08 GMT-0300 (Horário Padrão de Brasília),10,Russia,Kirsten@demario.org
Jovanny Gerhold,Tue Jun 05 2012 16:02:12 GMT-0300 (Horário Padrão de Brasília),11,Angola,Catalina_DAmore@ebba.ca
Darryl Orn,Mon Sep 04 1995 11:34:20 GMT-0300 (Horário Padrão de Brasília),12,North Vietnam,Nya@madilyn.com
Damon Walker,Sat Mar 28 1987 13:27:57 GMT-0300 (Horário Padrão de Brasília),13,Liberia,Ashlynn_Schimmel@daphne.org
Adrian Prohaska,Thu Jan 04 1996 16:05:33 GMT-0200 (Horário de Verão de Brasília),14,Norfolk Island,Nathanael_McGlynn@stevie.name
Darwin Bode,Sat May 07 2022 23:58:15 GMT-0300 (Horário Padrão de Brasília),15,British Virgin Islands,Barry.Davis@augustus.org
Miss Eunice Gottlieb,Sun Sep 27 1992 13:36:46 GMT-0300 (Horário Padrão de Brasília),16,South Africa,Jettie@giovanna.co.uk
Maya Herman I,Sat Sep 19 1987 03:11:23 GMT-0300 (Horário Padrão de Brasília),17,Ecuador,Berta_Schneider@sigrid.biz
Kody Jones,Mon Feb 19 2007 02:28:18 GMT-0300 (Horário Padrão de Brasília),18,Congo - Brazzaville,Opal_Goldner@bertram.biz
Jerel Sporer,Sun Aug 20 2000 03:24:44 GMT-0300 (Horário Padrão de Brasília),19,Niger,Aleen.Hagenes@roslyn.ca
Vella Reilly V,Fri Sep 17 1982 00:16:20 GMT-0300 (Horário Padrão de Brasília),20,Turks and Caicos Islands,Chanelle.McClure@glennie.com
Fernando Fritsch,Tue Jul 30 1985 17:50:05 GMT-0300 (Horário Padrão de Brasília),21,Isle of Man,Julius_Gerhold@torrance.name
Luciano Osinski,Sat Nov 07 2015 21:28:07 GMT-0300 (Horário Padrão de Brasília),22,Albania,Eveline_Nienow@kaleigh.biz
Hunter Sporer,Thu Dec 07 2006 09:56:22 GMT-0300 (Horário Padrão de Brasília),23,Argentina,Grady_Rowe@karlie.net
Dr. Cathryn Walter,Mon Nov 25 1996 10:26:57 GMT-0200 (Horário de Verão de Brasília),24,Burkina Faso,Xander@jaleel.net
Fletcher Klocko III,Fri Jul 25 2008 14:27:11 GMT-0300 (Horário Padrão de Brasília),25,Turkmenistan,Bernita.Murazik@arthur.com
Dewayne Lindgren,Sat Jul 14 2018 01:57:24 GMT-0300 (Horário Padrão de Brasília),26,Palestinian Territories,Fern.Carter@danyka.tv
Missouri Gibson,Wed Aug 07 2019 11:34:15 GMT-0300 (Horário Padrão de Brasília),27,Congo - Brazzaville,Wilbert.Heidenreich@uriel.me
Collin Collier,Mon Nov 24 2003 13:14:20 GMT-0300 (Horário Padrão de Brasília),28,Vanuatu,Kenya@alia.com
Davonte Wisoky,Wed Jun 12 2013 13:04:39 GMT-0300 (Horário Padrão de Brasília),29,Denmark,Myriam@eleanora.org
Luther Bahringer,Wed Sep 17 2008 11:55:06 GMT-0300 (Horário Padrão de Brasília),30,Saint Barthélemy,Leann@emilio.biz
Demarcus O'Conner,Mon Feb 28 2011 06:32:01 GMT-0300 (Horário Padrão de Brasília),31,Ghana,Blanche@violette.org
Meredith O'Reilly DDS,Fri Apr 16 1982 20:03:15 GMT-0300 (Horário Padrão de Brasília),32,Ireland,Prince.Kovacek@albertha.biz
Hardy Reichel,Tue Dec 28 2004 00:17:23 GMT-0300 (Horário Padrão de Brasília),33,Dronning Maud Land,Stella.Donnelly@norval.info
Cordelia Hermann,Wed Jun 01 1988 22:11:13 GMT-0300 (Horário Padrão de Brasília),34,Georgia,Corene@lance.us
Alessandra Watsica,Sat Apr 18 1981 09:26:33 GMT-0300 (Horário Padrão de Brasília),35,Canada,Colton@michel.org
Jessika Koelpin,Sat Jun 08 1985 20:39:10 GMT-0300 (Horário Padrão de Brasília),36,Laos,Austen_Williamson@joanie.biz
Ricardo Cassin,Sun Dec 29 1991 15:13:02 GMT-0200 (Horário de Verão de Brasília),37,Portugal,Aliya@grace.tv
Laury Kshlerin,Fri Aug 02 2002 06:11:20 GMT-0300 (Horário Padrão de Brasília),38,Myanmar [Burma],Zaria@zita.io
Bobbie Hand,Mon Apr 28 2008 18:52:40 GMT-0300 (Horário Padrão de Brasília),39,Hungary,Winnifred_Hills@luther.ca
Sheridan Ruecker Sr.,Thu May 15 2014 04:08:08 GMT-0300 (Horário Padrão de Brasília),40,Réunion,Flo_Cartwright@cary.ca
Harvey Block,Sat Aug 25 2018 17:10:00 GMT-0300 (Horário Padrão de Brasília),41,Australia,Tanya@hillary.io
Nayeli Runolfsson III,Sun May 01 1994 06:37:20 GMT-0300 (Horário Padrão de Brasília),42,Greece,Precious@piper.ca
Elsa Pollich,Wed Jul 11 1984 17:01:43 GMT-0300 (Horário Padrão de Brasília),43,Tunisia,Javonte.Murazik@jailyn.org
Dr. Adella Gleichner,Mon Aug 29 2022 01:28:26 GMT-0300 (Horário Padrão de Brasília),44,Ukraine,Spencer@jerod.org
Lamar Marks,Mon Nov 24 1980 03:13:53 GMT-0300 (Horário Padrão de Brasília),45,British Indian Ocean Territory,Arnulfo_Rolfson@camron.org
Laurie Jacobson,Sun Jul 23 1989 06:57:06 GMT-0300 (Horário Padrão de Brasília),46,Macau SAR China,Mable@afton.io
Aaron Wisoky III,Sat Dec 13 2014 11:39:54 GMT-0300 (Horário Padrão de Brasília),47,Anguilla,Missouri@oleta.com
Devyn Homenick,Mon Apr 09 2018 11:18:27 GMT-0300 (Horário Padrão de Brasília),48,Ghana,Hilma.Morissette@keshawn.io
Dr. Jabari Gutkowski,Mon Dec 08 1980 22:01:31 GMT-0300 (Horário Padrão de Brasília),49,Jamaica,Keshaun.Ernser@macie.co.uk
Bianka Hirthe II,Tue Mar 18 1997 04:32:38 GMT-0300 (Horário Padrão de Brasília),50,Mauritius,Krystal@dayna.co.uk
Lavada Leannon,Thu Jun 27 2002 02:52:22 GMT-0300 (Horário Padrão de Brasília),51,Denmark,Arch@lesly.biz
Charley Langworth,Fri Mar 02 1990 17:38:49 GMT-0300 (Horário Padrão de Brasília),52,French Southern Territories,Pink@mackenzie.org
Armando Murphy,Mon Aug 07 1989 05:25:23 GMT-0300 (Horário Padrão de Brasília),53,Nigeria,Mckayla.Hodkiewicz@ryder.biz
Amanda Leffler,Fri Jun 18 2021 04:09:25 GMT-0300 (Horário Padrão de Brasília),54,Lebanon,Bennie@grover.tv
Rodger Hermann,Sun Oct 19 2008 05:02:28 GMT-0300 (Horário Padrão de Brasília),55,Western Sahara,Amari.Bruen@enid.com
Alivia Stroman,Thu Dec 27 2018 21:14:58 GMT-0300 (Horário Padrão de Brasília),56,Denmark,Ada@grayson.me
Emmett Howell,Mon Feb 27 1989 05:14:36 GMT-0300 (Horário Padrão de Brasília),57,Suriname,Laron@pattie.net
Trudie Upton,Tue Jun 25 2002 04:28:51 GMT-0300 (Horário Padrão de Brasília),58,Niger,Agustin_Hackett@lily.co.uk
Alessandra Stoltenberg,Sun Aug 04 2013 01:46:59 GMT-0300 (Horário Padrão de Brasília),59,Monaco,Mac@ayden.io
Rylee Larkin,Sun Nov 03 1985 09:39:22 GMT-0200 (Horário de Verão de Brasília),60,Jordan,Hunter_Hauck@ona.co.uk
Norene Marvin,Wed Nov 15 2006 04:55:57 GMT-0300 (Horário Padrão de Brasília),61,Saint Lucia,Austin.Kuphal@mikel.me
Laron Price,Thu Jan 03 2019 20:46:19 GMT-0300 (Horário Padrão de Brasília),62,Jordan,Webster.Bayer@blaze.name
Arvilla Murray,Sat Aug 21 1993 21:39:17 GMT-0300 (Horário Padrão de Brasília),63,Côte d’Ivoire,Carroll.Bradtke@sigrid.co.uk
Maurice Spencer,Fri Feb 22 2008 14:38:51 GMT-0300 (Horário Padrão de Brasília),64,Burkina Faso,Norval_Rodriguez@daija.tv
Brent Kunde,Wed Feb 20 2008 11:47:17 GMT-0300 (Horário Padrão de Brasília),65,Kyrgyzstan,Casper.Murray@kevon.com
Deja Hudson,Sun Feb 15 2015 07:39:30 GMT-0300 (Horário Padrão de Brasília),66,Gambia,Josephine_Volkman@lelah.tv
Lucinda Bogan,Sun Jan 14 1990 06:06:31 GMT-0200 (Horário de Verão de Brasília),67,Poland,Edison@desmond.biz
Elmore Satterfield,Wed Sep 05 2012 17:11:11 GMT-0300 (Horário Padrão de Brasília),68,Netherlands Antilles,Merl_Kshlerin@laurence.ca
Evelyn Smith,Thu Mar 19 2020 16:08:42 GMT-0300 (Horário Padrão de Brasília),69,Zimbabwe,Mia.Dibbert@mckenzie.biz
Lew Klein,Wed Dec 04 2013 16:04:54 GMT-0300 (Horário Padrão de Brasília),70,Colombia,Carmel@lamont.biz
Nia O'Keefe,Tue Aug 05 2014 18:36:52 GMT-0300 (Horário Padrão de Brasília),71,Luxembourg,Graciela_Carter@adell.us
Nico Ullrich,Thu Mar 22 1990 19:08:05 GMT-0300 (Horário Padrão de Brasília),72,Comoros,Candida@georgette.tv
Vena Cormier,Mon Apr 07 1997 13:03:06 GMT-0300 (Horário Padrão de Brasília),73,Australia,Tiana@jovan.com
Dr. Georgiana Lang,Thu Nov 02 1995 23:14:55 GMT-0200 (Horário de Verão de Brasília),74,Jersey,Kendrick_Stark@floyd.biz
Miss Adrain Rolfson,Fri Jun 16 2006 20:13:19 GMT-0300 (Horário Padrão de Brasília),75,Haiti,Sonia_Yundt@josefina.com
Gus Hackett,Wed Jun 09 1993 13:37:05 GMT-0300 (Horário Padrão de Brasília),76,Kazakhstan,Schuyler.Friesen@cicero.org
Adrienne Bailey,Tue Jun 16 1992 22:48:40 GMT-0300 (Horário Padrão de Brasília),77,São Tomé and Príncipe,Damian@destini.ca
Miss Stephany Klein,Wed Jan 17 2007 20:16:56 GMT-0300 (Horário Padrão de Brasília),78,Brunei,Lou.OHara@cordelia.ca
Mr. Elvie Gerhold,Sat Feb 01 2020 20:08:06 GMT-0300 (Horário Padrão de Brasília),79,Croatia,Nia.Aufderhar@santos.net
Ellsworth Reilly V,Mon Aug 03 1981 03:28:30 GMT-0300 (Horário Padrão de Brasília),80,Italy,Sabrina.Adams@loraine.biz
Mrs. Uriel Vandervort,Wed Dec 01 2021 21:51:15 GMT-0300 (Horário Padrão de Brasília),81,North Korea,Teagan@kathryne.us
Eric Hilpert,Wed Jul 08 2009 14:13:44 GMT-0300 (Horário Padrão de Brasília),82,Åland Islands,Alyson@jaida.us
Edison Kuhlman,Sun Aug 10 1997 03:52:20 GMT-0300 (Horário Padrão de Brasília),83,Rwanda,Sonya.Lynch@loma.io
Kylie Howell,Mon Jul 30 2001 18:46:33 GMT-0300 (Horário Padrão de Brasília),84,Guam,Susan@alexandria.tv
Deondre Weimann DDS,Wed Aug 10 1994 21:26:58 GMT-0300 (Horário Padrão de Brasília),85,Albania,Alayna_Harann@edythe.org
Giuseppe Bruen,Mon May 13 1991 12:47:57 GMT-0300 (Horário Padrão de Brasília),86,Johnston Island,Modesta_Rodriguez@taryn.org
Jermey Russel,Thu Sep 21 2000 11:01:17 GMT-0300 (Horário Padrão de Brasília),87,Liberia,Vena@kathleen.name
Arianna Larkin,Wed Sep 21 1988 08:36:24 GMT-0300 (Horário Padrão de Brasília),88,China,Jose.Ondricka@merl.io
Ms. Elna Weber,Tue Jun 24 1980 07:24:40 GMT-0300 (Horário Padrão de Brasília),89,Greenland,Shyann@julia.biz
Solon Weber,Tue Feb 07 2017 19:11:23 GMT-0300 (Horário Padrão de Brasília),90,Senegal,Anjali@ariel.io
Leonor Littel,Sun Aug 11 1991 13:20:51 GMT-0300 (Horário Padrão de Brasília),91,Czech Republic,Geovanni@luisa.net
Hope Lang,Sat Jul 12 1997 07:42:02 GMT-0300 (Horário Padrão de Brasília),92,Johnston Island,Troy@ressie.me
Gunner Lakin,Mon Dec 23 1985 07:30:56 GMT-0200 (Horário de Verão de Brasília),93,France,Verona_Orn@van.us
Asa Gerlach,Wed Jul 03 1996 01:22:53 GMT-0300 (Horário Padrão de Brasília),94,Belarus,Savannah@jazlyn.tv
Adrianna Kuvalis,Sun Nov 26 2017 17:03:39 GMT-0300 (Horário Padrão de Brasília),95,Chile,Miles@rafael.name
Florian Powlowski MD,Sat May 08 1982 02:06:21 GMT-0300 (Horário Padrão de Brasília),96,Falkland Islands,Hassan.Block@alisha.ca
Carlee Jerde,Fri Aug 17 2001 12:36:11 GMT-0300 (Horário Padrão de Brasília),97,Tanzania,Juston_Boehm@everardo.name
Mrs. Demario Bechtelar,Tue May 18 2010 13:22:34 GMT-0300 (Horário Padrão de Brasília),98,Fiji,Akeem_Donnelly@corene.io
Clemens Brown,Wed Feb 09 1983 00:05:30 GMT-0300 (Horário Padrão de Brasília),99,Turks and Caicos Islands,Cody@eulah.net
